-----------------------------------------
-- Populate the database
-----------------------------------------

INSERT INTO "member" (id,username,name,email,password,is_admin) VALUES (1,'Speedy','Joao Monteiro','joaomonteiromail@gmail.com','GpY7UYPASx',TRUE);
INSERT INTO "member" (id,username,name,email,password,is_admin) VALUES (2,'Goli','Gonçalo Oliveira','up201705494@fe.up.pt','3x7XJ50Tl4',TRUE);
INSERT INTO "member" (id,username,name,email,password,is_admin) VALUES (3,'Ferreira','Joana Ferreira','up201705722@fe.up.pt','tlbe7OS4H8',TRUE);
INSERT INTO "member" (id,username,name,email,password,is_admin) VALUES (4,'JMatos','Joao Matos','up201705471@fe.up.pt','aRKJo0igHZ',TRUE);

INSERT INTO "member" (id,username,name,email,password,is_admin) VALUES (5,'mr_bubble','James Bubble','bubbleJ@gmail.com','9OI2Y0MQYS',FALSE); 
INSERT INTO "member" (id,username,name,email,password,is_admin) VALUES (6,'jj_R','Randall','jjrandal@gmail.com','YsSjHUEG7n',FALSE); 
INSERT INTO "member" (id,username,name,email,password,is_admin) VALUES (7,'shadowmose','Miranda','shadowmose@gmail.com','doGKytPq4k',FALSE); 
INSERT INTO "member" (id,username,name,email,password,is_admin) VALUES (8,'SovietWomble','Soviet Womble','sovietwomble@gmail.com','fK5c1nNKDI',FALSE); 
INSERT INTO "member" (id,username,name,email,password,is_admin) VALUES (9,'kerni86','Erny','kerni86@gmail.com','DcNXKjn5UA',FALSE); 
INSERT INTO "member" (id,username,name,email,password,is_admin) VALUES (10,'remiliascarlett','Remilia Scarlett','remiliascarlett@gmail.com','bYxO52xfOq',FALSE); 
INSERT INTO "member" (id,username,name,email,password,is_admin) VALUES (11,'Hououin','Rintaro Okabe','secretlab@gmail.com','sTz1Z6xjrT',FALSE); 
INSERT INTO "member" (id,username,name,email,password,is_admin) VALUES (12,'SortaMaliciousGaming','Ryan Haywood','ryanhay@gmail.com','u13Qz3Mcmf',FALSE); 
INSERT INTO "member" (id,username,name,email,password,is_admin) VALUES (13,'dat_cat_guy','Cat Man','datcatguy@gmail.com','uq0OBDcGi4',FALSE); 
INSERT INTO "member" (id,username,name,email,password,is_admin) VALUES (14,'Gladiator','My name is Maximus Decimus Meridius, commander of the Armies of the North, General of the Felix Legions, loyal servant to the true emperor, Marcus Aurelius. Father to a murdered son, husband to a murdered wife. And I will have my vengeance, in this life or the next','romangladiator@gmail.com','W8mDYkiPtb',FALSE); 
INSERT INTO "member" (id,username,name,email,password,is_admin) VALUES (15,'benyhild','Ben Hild','benyhild@gmail.com','0rTFf0PqBu',FALSE); 
INSERT INTO "member" (id,username,name,email,password,is_admin) VALUES (16,'gearlessjoe','Joe Gears','gearlessjoe@gmail.com','IxOrHPTo4c',FALSE); 
INSERT INTO "member" (id,username,name,email,password,is_admin) VALUES (17,'maria_of_pees','Maria Pee','mariapess@gmail.com','OzV8mDFIB7',FALSE); 
INSERT INTO "member" (id,username,name,email,password,is_admin) VALUES (18,'enterthenick','Nick','thenick@gmail.com','hXHNW3vdaz',FALSE); 
INSERT INTO "member" (id,username,name,email,password,is_admin) VALUES (19,'1987_azrael','Azrael','az87el@gmail.com','41oGSWRiCC',FALSE); 
INSERT INTO "member" (id,username,name,email,password,is_admin) VALUES (20,'Emiru','Emiru','emiru@gmail.com','hfAdAvujjR',FALSE); 
INSERT INTO "member" (id,username,name,email,password,is_admin) VALUES (21,'Jett','Joan Jett','joanj@gmail.com','iArsHASZ5l',FALSE);
INSERT INTO "member" (id,username,name,email,password,is_admin) VALUES (22,'rackun','Rocky Racoon','rackun@gmail.com','0foKEU3gXK',FALSE); 
INSERT INTO "member" (id,username,name,email,password,is_admin) VALUES (23,'plantburger','Andrew Adams','plantburguer@gmail.com','WtCk6IqEOC',FALSE); 
INSERT INTO "member" (id,username,name,email,password,is_admin) VALUES (24,'jpeg','Adams Andrew','jpeg@gmail.com','Je06p4R6QX',FALSE); 
INSERT INTO "member" (id,username,name,email,password,is_admin) VALUES (25,'chadsong','Chad Smith','chadsong@gmail.com','KMgIIoVsnf',FALSE); 
INSERT INTO "member" (id,username,name,email,password,is_admin) VALUES (26,'jetmechanic','Jet Grousum','jetmechanic@gmail.com','s4E9dkwdUl',FALSE); 
INSERT INTO "member" (id,username,name,email,password,is_admin) VALUES (27,'v3ldrin','Ainsley','veldrin@gmail.com','qnfn3Dq5Vv',FALSE); 
INSERT INTO "member" (id,username,name,email,password,is_admin) VALUES (28,'Schrute','Dwight Schrute','dschrute@gmail.com','Sbe2HZtsdk',FALSE); 
INSERT INTO "member" (id,username,name,email,password,is_admin) VALUES (29,'orangegirl','Barbara','orangegirl@gmail.com','quiy5dmOfz',FALSE);
INSERT INTO "member" (id,username,name,email,password,is_admin) VALUES (30,'TheElon','Elon Musk','elon@spacex.com','DDNoP7f2V1',FALSE); 
INSERT INTO "member" (id,username,name,email,password,is_admin) VALUES (31,'enricoalois','Enrique Vasques','enricalois@gmail.com','inZIqtUlfp',FALSE);  



INSERT INTO "topic" (id,name,creation_date) VALUES (1,'Politics','2020-03-24');
INSERT INTO "topic" (id,name,creation_date) VALUES (2,'fellthebern','2020-03-24');
INSERT INTO "topic" (id,name,creation_date) VALUES (3,'Portugal','2020-03-24');
INSERT INTO "topic" (id,name,creation_date) VALUES (4,'Coronavirus','2020-03-24');
INSERT INTO "topic" (id,name,creation_date) VALUES (5,'Economy','2020-03-24');
INSERT INTO "topic" (id,name,creation_date) VALUES (6,'Sports','2020-03-24');
INSERT INTO "topic" (id,name,creation_date) VALUES (7,'Forest','2020-03-24');
INSERT INTO "topic" (id,name,creation_date) VALUES (8,'FamousPeople','2020-03-24');
INSERT INTO "topic" (id,name,creation_date) VALUES (9,'Japan','2020-03-24');
INSERT INTO "topic" (id,name,creation_date) VALUES (10,'War','2020-03-24');
INSERT INTO "topic" (id,name,creation_date) VALUES (11,'Polution','2020-03-24');
INSERT INTO "topic" (id,name,creation_date) VALUES (12,'Nature','2020-03-24');



INSERT INTO "story" (id,title,author_id,published_date,reality_check) VALUES (1,'Trump is at it again',1,'2020-03-24',0.74);
INSERT INTO "story" (id,title,author_id,published_date,reality_check) VALUES (2,'Putin is the best',28,'2020-03-24',1);
INSERT INTO "story" (id,title,author_id,published_date,reality_check) VALUES (3,'Biden and Bernie face off',7,'2020-03-24',0.5);
INSERT INTO "story" (id,title,author_id,published_date,reality_check) VALUES (4,'Sanders wins Democrats Abroad primary',3,'2020-03-24',0.9);
INSERT INTO "story" (id,title,author_id,published_date,reality_check) VALUES (5,'Estado de Emergencia',4,'2020-03-24',1);
INSERT INTO "story" (id,title,author_id,published_date,reality_check) VALUES (6,'Cristiano Ronaldo é homosexual',10,'2020-03-24',0.1);
INSERT INTO "story" (id,title,author_id,published_date,reality_check) VALUES (7,'Deaths in Italy pass the thousands',25,'2020-03-24',0.8);
INSERT INTO "story" (id,title,author_id,published_date,reality_check) VALUES (8,'When will the vacine come?',13,'2020-03-24',0.5);
INSERT INTO "story" (id,title,author_id,published_date,reality_check) VALUES (9,'Rich people have more money than poor people',20,'2020-03-24',0.7);
INSERT INTO "story" (id,title,author_id,published_date,reality_check) VALUES (10,'Stock exchange crashes again',16,'2020-03-24',0.2);
INSERT INTO "story" (id,title,author_id,published_date,reality_check) VALUES (11,'Olimpic Games canceled?',2,'2020-03-24',0.7);
INSERT INTO "story" (id,title,author_id,published_date,reality_check) VALUES (12,'Could NHL implement compliance buyouts following COVID-19 shutdown?',26,'2020-03-24',0.4);
INSERT INTO "story" (id,title,author_id,published_date,reality_check) VALUES (13,'Australian bushfires',27,'2020-03-24',0.85);
INSERT INTO "story" (id,title,author_id,published_date,reality_check) VALUES (14,'Indian forest regrowing',30,'2020-03-24',0.24);
INSERT INTO "story" (id,title,author_id,published_date,reality_check) VALUES (15,'Jean Jett launches new album',19,'2020-03-24',0.1);
INSERT INTO "story" (id,title,author_id,published_date,reality_check) VALUES (16,'Kylie Jenner realeses new sex tape', 20,'2020-03-24',0.9);
INSERT INTO "story" (id,title,author_id,published_date,reality_check) VALUES (17,'Japan is the spring is the most beautiful place',1,'2020-03-24',1);
INSERT INTO "story" (id,title,author_id,published_date,reality_check) VALUES (18,'Old samurai ruin discovered',19,'2020-03-24',0.5);
INSERT INTO "story" (id,title,author_id,published_date,reality_check) VALUES (19,'Potential war between USA and Iraq',5,'2020-03-24',0.79);
INSERT INTO "story" (id,title,author_id,published_date,reality_check) VALUES (20,'What started WW2?',8,'2020-03-24',0.6);
INSERT INTO "story" (id,title,author_id,published_date,reality_check) VALUES (21,'Polution levels decrease',4,'2020-03-24',0.9);
INSERT INTO "story" (id,title,author_id,published_date,reality_check) VALUES (22,'The most poluted river in the world',14,'2020-03-24',0.4);
INSERT INTO "story" (id,title,author_id,published_date,reality_check) VALUES (23,'Extincted species resurfaces',31,'2020-03-24',0.4);
INSERT INTO "story" (id,title,author_id,published_date,reality_check) VALUES (24,'Frogs!',24,'2020-03-24',1);



INSERT INTO "belongs_to" (story_id, topic_id) VALUES (1,1);
INSERT INTO "belongs_to" (story_id, topic_id) VALUES (2,1);
INSERT INTO "belongs_to" (story_id, topic_id) VALUES (3,2);
INSERT INTO "belongs_to" (story_id, topic_id) VALUES (4,2);
INSERT INTO "belongs_to" (story_id, topic_id) VALUES (5,3);
INSERT INTO "belongs_to" (story_id, topic_id) VALUES (6,3);
INSERT INTO "belongs_to" (story_id, topic_id) VALUES (7,4);
INSERT INTO "belongs_to" (story_id, topic_id) VALUES (8,4);
INSERT INTO "belongs_to" (story_id, topic_id) VALUES (9,5);
INSERT INTO "belongs_to" (story_id, topic_id) VALUES (10,5);
INSERT INTO "belongs_to" (story_id, topic_id) VALUES (11,6);
INSERT INTO "belongs_to" (story_id, topic_id) VALUES (12,6);
INSERT INTO "belongs_to" (story_id, topic_id) VALUES (13,7);
INSERT INTO "belongs_to" (story_id, topic_id) VALUES (14,7);
INSERT INTO "belongs_to" (story_id, topic_id) VALUES (15,8);
INSERT INTO "belongs_to" (story_id, topic_id) VALUES (16,8);
INSERT INTO "belongs_to" (story_id, topic_id) VALUES (17,9);
INSERT INTO "belongs_to" (story_id, topic_id) VALUES (18,9);
INSERT INTO "belongs_to" (story_id, topic_id) VALUES (19,10);
INSERT INTO "belongs_to" (story_id, topic_id) VALUES (20,10);
INSERT INTO "belongs_to" (story_id, topic_id) VALUES (21,11);
INSERT INTO "belongs_to" (story_id, topic_id) VALUES (22,11);
INSERT INTO "belongs_to" (story_id, topic_id) VALUES (23,12);
INSERT INTO "belongs_to" (story_id, topic_id) VALUES (24,12);



INSERT INTO "comment" (id,content,author_id,published_date,reality_check,comment_id,story_id) VALUES (1,'What he do this time?',20,'2020-03-24',1,null,1);
INSERT INTO "comment" (id,content,author_id,published_date,reality_check,comment_id,story_id) VALUES (2,'You dont know?',21,'2020-03-24',1,1,null);
INSERT INTO "comment" (id,content,author_id,published_date,reality_check,comment_id,story_id) VALUES (3,'Phasellus in tellus placerat, commodo ligula eu, tempor ante. Etiam.',14,'2020-03-24',1,null,2);
INSERT INTO "comment" (id,content,author_id,published_date,reality_check,comment_id,story_id) VALUES (4,'Donec mi purus, facilisis sit amet orci ac, semper efficitur.',25,'2020-03-24',1,null,3);
INSERT INTO "comment" (id,content,author_id,published_date,reality_check,comment_id,story_id) VALUES (5,'Lorem ipsum dolor sit amet, consectetur adipiscing.',3,'2020-03-24',1,4,null);
INSERT INTO "comment" (id,content,author_id,published_date,reality_check,comment_id,story_id) VALUES (6,'Donec non luctus risus, nec finibus nunc.',10,'2020-03-24',1,4,null);
INSERT INTO "comment" (id,content,author_id,published_date,reality_check,comment_id,story_id) VALUES (7,'Pellentesque pulvinar orci sed pellentesque vulputate. Fusce.',11,'2020-03-24',1,null,5);
INSERT INTO "comment" (id,content,author_id,published_date,reality_check,comment_id,story_id) VALUES (8,'Nulla sit amet pharetra odio. Pellentesque suscipit.',31,'2020-03-24',1,null,5);
INSERT INTO "comment" (id,content,author_id,published_date,reality_check,comment_id,story_id) VALUES (9,'Nulla blandit nunc sit amet leo auctor.',26,'2020-03-24',1,null,7);
INSERT INTO "comment" (id,content,author_id,published_date,reality_check,comment_id,story_id) VALUES (10,'Suspendisse potenti. In molestie iaculis ipsum, sed.',22,'2020-03-24',1,9,null);
INSERT INTO "comment" (id,content,author_id,published_date,reality_check,comment_id,story_id) VALUES (11,'In vulputate velit sit amet nisi gravida.',19,'2020-03-24',1,10,null);
INSERT INTO "comment" (id,content,author_id,published_date,reality_check,comment_id,story_id) VALUES (12,'Sed eget dolor magna. Cras dapibus justo.',4,'2020-03-24',1,10,null);
INSERT INTO "comment" (id,content,author_id,published_date,reality_check,comment_id,story_id) VALUES (13,'Donec aliquam ipsum id risus convallis maximus.',7,'2020-03-24',1,null,9);
INSERT INTO "comment" (id,content,author_id,published_date,reality_check,comment_id,story_id) VALUES (14,'In vel mollis arcu, in cursus risus.',7,'2020-03-24',1,null,9);
INSERT INTO "comment" (id,content,author_id,published_date,reality_check,comment_id,story_id) VALUES (15,'Integer consectetur metus in rhoncus aliquet. Integer.',21,'2020-03-24',1,null,9);
INSERT INTO "comment" (id,content,author_id,published_date,reality_check,comment_id,story_id) VALUES (16,'Mauris volutpat eros eu posuere vestibulum. Vivamus.',13,'2020-03-24',1,null,12);
INSERT INTO "comment" (id,content,author_id,published_date,reality_check,comment_id,story_id) VALUES (17,'Nullam et lectus gravida, maximus magna sit.',17,'2020-03-24',1,16,null);
INSERT INTO "comment" (id,content,author_id,published_date,reality_check,comment_id,story_id) VALUES (18,'Fusce vel libero a leo ullamcorper interdum.',25,'2020-03-24',1,16,null);
INSERT INTO "comment" (id,content,author_id,published_date,reality_check,comment_id,story_id) VALUES (19,'Proin sed vulputate elit, a convallis nunc.',30,'2020-03-24',1,null,15);
INSERT INTO "comment" (id,content,author_id,published_date,reality_check,comment_id,story_id) VALUES (20,'Vestibulum ante ipsum primis in faucibus orci.',1,'2020-03-24',1,19,null);
INSERT INTO "comment" (id,content,author_id,published_date,reality_check,comment_id,story_id) VALUES (21,'Praesent tempor odio id tempus sodales. Nam.',9,'2020-03-24',1,null,18);
INSERT INTO "comment" (id,content,author_id,published_date,reality_check,comment_id,story_id) VALUES (22,'Sed convallis varius odio, lacinia egestas dui.',2,'2020-03-24',1,null,19);
INSERT INTO "comment" (id,content,author_id,published_date,reality_check,comment_id,story_id) VALUES (23,'Praesent eleifend urna et mauris sodales lacinia.',5,'2020-03-24',1,null,19);
INSERT INTO "comment" (id,content,author_id,published_date,reality_check,comment_id,story_id) VALUES (24,'Etiam rhoncus porta commodo. Praesent elementum diam.',15,'2020-03-24',1,null,21);
INSERT INTO "comment" (id,content,author_id,published_date,reality_check,comment_id,story_id) VALUES (25,'Curabitur feugiat mauris ut dolor fermentum imperdiet.',2,'2020-03-24',1,null,23);
INSERT INTO "comment" (id,content,author_id,published_date,reality_check,comment_id,story_id) VALUES (26,'Nam tortor leo, bibendum at condimentum quis.',2,'2020-03-24',1,25,null);
INSERT INTO "comment" (id,content,author_id,published_date,reality_check,comment_id,story_id) VALUES (27,'Aliquam sed dolor dui. Vestibulum condimentum lorem.',20,'2020-03-24',1,26,null);



INSERT INTO "follows" (user_id,friend_id) VALUES (5,7);
INSERT INTO "follows" (user_id,friend_id) VALUES (5,18);
INSERT INTO "follows" (user_id,friend_id) VALUES (5,20);
INSERT INTO "follows" (user_id,friend_id) VALUES (6,7);
INSERT INTO "follows" (user_id,friend_id) VALUES (7,18);
INSERT INTO "follows" (user_id,friend_id) VALUES (7,30);
INSERT INTO "follows" (user_id,friend_id) VALUES (9,14);
INSERT INTO "follows" (user_id,friend_id) VALUES (9,15);
INSERT INTO "follows" (user_id,friend_id) VALUES (9,24);
INSERT INTO "follows" (user_id,friend_id) VALUES (12,5);
INSERT INTO "follows" (user_id,friend_id) VALUES (12,9);
INSERT INTO "follows" (user_id,friend_id) VALUES (14,10);
INSERT INTO "follows" (user_id,friend_id) VALUES (15,11);
INSERT INTO "follows" (user_id,friend_id) VALUES (16,22);
INSERT INTO "follows" (user_id,friend_id) VALUES (17,11);
INSERT INTO "follows" (user_id,friend_id) VALUES (17,14);
INSERT INTO "follows" (user_id,friend_id) VALUES (17,21);
INSERT INTO "follows" (user_id,friend_id) VALUES (17,27);
INSERT INTO "follows" (user_id,friend_id) VALUES (20,8);
INSERT INTO "follows" (user_id,friend_id) VALUES (21,13);
INSERT INTO "follows" (user_id,friend_id) VALUES (21,18);
INSERT INTO "follows" (user_id,friend_id) VALUES (22,30);
INSERT INTO "follows" (user_id,friend_id) VALUES (23,24);
INSERT INTO "follows" (user_id,friend_id) VALUES (23,31);
INSERT INTO "follows" (user_id,friend_id) VALUES (25,7);
INSERT INTO "follows" (user_id,friend_id) VALUES (25,9);
INSERT INTO "follows" (user_id,friend_id) VALUES (26,10);
INSERT INTO "follows" (user_id,friend_id) VALUES (27,11);
INSERT INTO "follows" (user_id,friend_id) VALUES (28,24);
INSERT INTO "follows" (user_id,friend_id) VALUES (28,29);
INSERT INTO "follows" (user_id,friend_id) VALUES (28,31);
INSERT INTO "follows" (user_id,friend_id) VALUES (29,6);
INSERT INTO "follows" (user_id,friend_id) VALUES (30,9);
INSERT INTO "follows" (user_id,friend_id) VALUES (31,13);



INSERT INTO "favourites" (user_id,topic_id) VALUES (5,2);
INSERT INTO "favourites" (user_id,topic_id) VALUES (5,8);
INSERT INTO "favourites" (user_id,topic_id) VALUES (6,1);
INSERT INTO "favourites" (user_id,topic_id) VALUES (6,5);
INSERT INTO "favourites" (user_id,topic_id) VALUES (6,12);
INSERT INTO "favourites" (user_id,topic_id) VALUES (7,4);)
INSERT INTO "favourites" (user_id,topic_id) VALUES (8,4);
INSERT INTO "favourites" (user_id,topic_id) VALUES (9,7);
INSERT INTO "favourites" (user_id,topic_id) VALUES (9,11);
INSERT INTO "favourites" (user_id,topic_id) VALUES (10,3);
INSERT INTO "favourites" (user_id,topic_id) VALUES (10,6);
INSERT INTO "favourites" (user_id,topic_id) VALUES (11,4);
INSERT INTO "favourites" (user_id,topic_id) VALUES (13,9);
INSERT INTO "favourites" (user_id,topic_id) VALUES (14,3);
INSERT INTO "favourites" (user_id,topic_id) VALUES (14,9);
INSERT INTO "favourites" (user_id,topic_id) VALUES (14,10);
INSERT INTO "favourites" (user_id,topic_id) VALUES (16,11);
INSERT INTO "favourites" (user_id,topic_id) VALUES (18,11);
INSERT INTO "favourites" (user_id,topic_id) VALUES (18,12);
INSERT INTO "favourites" (user_id,topic_id) VALUES (19,12);
INSERT INTO "favourites" (user_id,topic_id) VALUES (20,4);
INSERT INTO "favourites" (user_id,topic_id) VALUES (21,4);
INSERT INTO "favourites" (user_id,topic_id) VALUES (22,4);
INSERT INTO "favourites" (user_id,topic_id) VALUES (23,4);
INSERT INTO "favourites" (user_id,topic_id) VALUES (23,7);
INSERT INTO "favourites" (user_id,topic_id) VALUES (24,3);
INSERT INTO "favourites" (user_id,topic_id) VALUES (25,8);
INSERT INTO "favourites" (user_id,topic_id) VALUES (26,5);
INSERT INTO "favourites" (user_id,topic_id) VALUES (26,10);
INSERT INTO "favourites" (user_id,topic_id) VALUES (27,7);
INSERT INTO "favourites" (user_id,topic_id) VALUES (28,11);
INSERT INTO "favourites" (user_id,topic_id) VALUES (30,8);



INSERT INTO "expert" (user_id,topic_id) VALUES (5,2);
INSERT INTO "expert" (user_id,topic_id) VALUES (5,8);
INSERT INTO "expert" (user_id,topic_id) VALUES (7,4);
INSERT INTO "expert" (user_id,topic_id) VALUES (9,11);
INSERT INTO "expert" (user_id,topic_id) VALUES (13,9);
INSERT INTO "expert" (user_id,topic_id) VALUES (14,3);
INSERT INTO "expert" (user_id,topic_id) VALUES (14,10);
INSERT INTO "expert" (user_id,topic_id) VALUES (18,12);
INSERT INTO "expert" (user_id,topic_id) VALUES (20,4);
INSERT INTO "expert" (user_id,topic_id) VALUES (21,4);
INSERT INTO "expert" (user_id,topic_id) VALUES (24,3);
INSERT INTO "expert" (user_id,topic_id) VALUES (26,5);
INSERT INTO "expert" (user_id,topic_id) VALUES (26,10);
INSERT INTO "expert" (user_id,topic_id) VALUES (27,7);



INSERT INTO "rates_story" (user_id, story_id, rating) VALUES (5,2,TRUE);
INSERT INTO "rates_story" (user_id, story_id, rating) VALUES (5,4,TRUE);
INSERT INTO "rates_story" (user_id, story_id, rating) VALUES (5,16,TRUE);
INSERT INTO "rates_story" (user_id, story_id, rating) VALUES (6,6,FALSE);
INSERT INTO "rates_story" (user_id, story_id, rating) VALUES (6,15,TRUE);
INSERT INTO "rates_story" (user_id, story_id, rating) VALUES (7,14,TRUE);
INSERT INTO "rates_story" (user_id, story_id, rating) VALUES (7,24,TRUE);
INSERT INTO "rates_story" (user_id, story_id, rating) VALUES (8,3,TRUE);
INSERT INTO "rates_story" (user_id, story_id, rating) VALUES (8,10,FALSE);
INSERT INTO "rates_story" (user_id, story_id, rating) VALUES (8,18,TRUE);
INSERT INTO "rates_story" (user_id, story_id, rating) VALUES (9,3,FALSE);
INSERT INTO "rates_story" (user_id, story_id, rating) VALUES (10,15,TRUE);
INSERT INTO "rates_story" (user_id, story_id, rating) VALUES (13,7,TRUE);
INSERT INTO "rates_story" (user_id, story_id, rating) VALUES (13,10,TRUE);
INSERT INTO "rates_story" (user_id, story_id, rating) VALUES (14,19,TRUE);
INSERT INTO "rates_story" (user_id, story_id, rating) VALUES (15,14,TRUE);
INSERT INTO "rates_story" (user_id, story_id, rating) VALUES (16,6,FALSE);
INSERT INTO "rates_story" (user_id, story_id, rating) VALUES (16,7,TRUE);
INSERT INTO "rates_story" (user_id, story_id, rating) VALUES (17,11,TRUE);
INSERT INTO "rates_story" (user_id, story_id, rating) VALUES (17,12,TRUE);
INSERT INTO "rates_story" (user_id, story_id, rating) VALUES (17,13,TRUE);
INSERT INTO "rates_story" (user_id, story_id, rating) VALUES (18,2,TRUE);
INSERT INTO "rates_story" (user_id, story_id, rating) VALUES (20,8,TRUE);
INSERT INTO "rates_story" (user_id, story_id, rating) VALUES (20,22,TRUE);
INSERT INTO "rates_story" (user_id, story_id, rating) VALUES (21,14,TRUE);
INSERT INTO "rates_story" (user_id, story_id, rating) VALUES (22,22,TRUE);
INSERT INTO "rates_story" (user_id, story_id, rating) VALUES (23,5,TRUE);
INSERT INTO "rates_story" (user_id, story_id, rating) VALUES (25,5,FALSE);
INSERT INTO "rates_story" (user_id, story_id, rating) VALUES (26,5,TRUE);
INSERT INTO "rates_story" (user_id, story_id, rating) VALUES (26,21,TRUE);
INSERT INTO "rates_story" (user_id, story_id, rating) VALUES (28,11,TRUE);
INSERT INTO "rates_story" (user_id, story_id, rating) VALUES (29,20,FALSE);
INSERT INTO "rates_story" (user_id, story_id, rating) VALUES (30,17,TRUE);



INSERT INTO "rates_story" (user_id, comment_id, rating) VALUES (21,1,TRUE);
INSERT INTO "rates_story" (user_id, comment_id, rating) VALUES (20,2,TRUE);
INSERT INTO "rates_story" (user_id, comment_id, rating) VALUES (5,3,TRUE);
INSERT INTO "rates_story" (user_id, comment_id, rating) VALUES (21,4,TRUE);
INSERT INTO "rates_story" (user_id, comment_id, rating) VALUES (8,5,TRUE);
INSERT INTO "rates_story" (user_id, comment_id, rating) VALUES (14,6,TRUE);
INSERT INTO "rates_story" (user_id, comment_id, rating) VALUES (19,7,TRUE);
INSERT INTO "rates_story" (user_id, comment_id, rating) VALUES (21,8,TRUE);
INSERT INTO "rates_story" (user_id, comment_id, rating) VALUES (31,9,TRUE);
INSERT INTO "rates_story" (user_id, comment_id, rating) VALUES (2,10,TRUE);
INSERT INTO "rates_story" (user_id, comment_id, rating) VALUES (15,11,TRUE);
INSERT INTO "rates_story" (user_id, comment_id, rating) VALUES (27,12,TRUE);
INSERT INTO "rates_story" (user_id, comment_id, rating) VALUES (8,13,TRUE);
INSERT INTO "rates_story" (user_id, comment_id, rating) VALUES (10,14,TRUE);
INSERT INTO "rates_story" (user_id, comment_id, rating) VALUES (14,15,TRUE);
INSERT INTO "rates_story" (user_id, comment_id, rating) VALUES (3,16,TRUE);
INSERT INTO "rates_story" (user_id, comment_id, rating) VALUES (7,17,TRUE);
INSERT INTO "rates_story" (user_id, comment_id, rating) VALUES (15,18,TRUE);
INSERT INTO "rates_story" (user_id, comment_id, rating) VALUES (20,19,TRUE);
INSERT INTO "rates_story" (user_id, comment_id, rating) VALUES (21,20,TRUE);
INSERT INTO "rates_story" (user_id, comment_id, rating) VALUES (29,21,TRUE);
INSERT INTO "rates_story" (user_id, comment_id, rating) VALUES (22,22,TRUE);
INSERT INTO "rates_story" (user_id, comment_id, rating) VALUES (25,23,TRUE);
INSERT INTO "rates_story" (user_id, comment_id, rating) VALUES (5,24,TRUE);
INSERT INTO "rates_story" (user_id, comment_id, rating) VALUES (15,25,TRUE);
INSERT INTO "rates_story" (user_id, comment_id, rating) VALUES (18,26,TRUE);
INSERT INTO "rates_story" (user_id, comment_id, rating) VALUES (10,27,TRUE);



INSERT INTO "report" (id,content,published_date,user_id,comment_id,story_id) VALUES (1,'Explicit content','2020-03-24',15,null,24);
INSERT INTO "report" (id,content,published_date,user_id,comment_id,story_id) VALUES (2,'Racism','2020-03-24',12,12,null);
INSERT INTO "report" (id,content,published_date,user_id,comment_id,story_id) VALUES (3,'Inappropriate language','2020-03-24',20,13,null);
INSERT INTO "report" (id,content,published_date,user_id,comment_id,story_id) VALUES (4,'Inappropriate language','2020-03-24',20,14,null);
INSERT INTO "report" (id,content,published_date,user_id,comment_id,story_id) VALUES (5,'Agressive','2020-03-24',30,null,8);